time,open,high,low,close
2026-09-08 08:00:00,2540.17,2544.38,2538.64,2543.88
2026-09-08 09:00:00,2543.88,2545.86,2536.96,2537.42
2026-09-08 10:00:00,2537.42,2543.41,2537.07,2542.17
2026-09-08 11:00:00,2542.17,2544.37,2540.60,2543.17
2026-09-08 12:00:00,2543.17,2546.01,2539.73,2544.48
2026-09-08 13:00:00,2544.48,2548.02,2543.18,2544.95
2026-09-08 14:00:00,2544.95,2550.47,2543.73,2549.54
2026-09-08 15:00:00,2549.54,2551.08,2545.96,2546.88
2026-09-08 16:00:00,2546.88,2548.95,2545.76,2547.32
2026-09-08 17:00:00,2547.32,2551.37,2546.54,2550.82
2026-09-08 18:00:00,2550.82,2552.57,2550.47,2551.89
2026-09-08 19:00:00,2551.89,2555.96,2551.63,2554.87
2026-09-08 20:00:00,2554.87,2556.71,2551.81,2552.51
2026-09-08 21:00:00,2552.51,2553.57,2551.84,2552.91
2026-09-08 22:00:00,2552.91,2554.70,2552.54,2554.28
2026-09-08 23:00:00,2554.28,2557.13,2553.90,2555.99
2026-09-09 00:00:00,2555.99,2556.84,2554.66,2555.74
2026-09-09 01:00:00,2555.74,2556.48,2553.15,2553.60
2026-09-09 02:00:00,2553.60,2554.39,2552.53,2553.67
2026-09-09 03:00:00,2553.67,2555.13,2553.30,2554.84
2026-09-09 04:00:00,2554.84,2555.08,2552.58,2552.74
2026-09-09 05:00:00,2552.74,2553.86,2550.78,2551.75
2026-09-09 06:00:00,2551.75,2555.10,2550.86,2554.46
2026-09-09 07:00:00,2554.46,2556.45,2553.77,2554.72
2026-09-09 08:00:00,2554.72,2557.75,2552.98,2557.48
2026-09-09 09:00:00,2557.48,2561.70,2556.42,2560.34
2026-09-09 10:00:00,2560.34,2565.28,2559.85,2561.01
2026-09-09 11:00:00,2561.01,2565.16,2559.09,2563.55
2026-09-09 12:00:00,2563.55,2563.83,2554.96,2559.88
2026-09-09 13:00:00,2559.88,2561.15,2557.68,2560.82
2026-09-09 14:00:00,2560.82,2565.06,2559.72,2564.96
2026-09-09 15:00:00,2564.96,2566.94,2563.92,2564.95
2026-09-09 16:00:00,2564.95,2566.12,2562.53,2564.44
2026-09-09 17:00:00,2564.44,2567.47,2562.87,2566.50
2026-09-09 18:00:00,2566.50,2568.03,2564.93,2567.78
2026-09-09 19:00:00,2567.78,2568.14,2565.12,2565.62
2026-09-09 20:00:00,2565.62,2566.23,2562.90,2563.61
2026-09-09 21:00:00,2563.61,2564.34,2561.86,2563.96
2026-09-09 22:00:00,2563.96,2565.03,2563.30,2563.74
2026-09-09 23:00:00,2563.74,2564.59,2563.04,2564.43
2026-09-10 00:00:00,2564.43,2565.42,2562.81,2564.97
2026-09-10 01:00:00,2564.97,2567.75,2564.34,2567.66
2026-09-10 02:00:00,2567.66,2568.37,2565.95,2566.55
2026-09-10 03:00:00,2566.55,2568.72,2566.42,2568.42
2026-09-10 04:00:00,2568.42,2569.00,2565.58,2566.03
2026-09-10 05:00:00,2566.03,2566.14,2563.44,2564.16
2026-09-10 06:00:00,2564.16,2564.64,2560.99,2561.80
2026-09-10 07:00:00,2561.80,2563.41,2556.25,2556.99
2026-09-10 08:00:00,2556.99,2560.53,2554.50,2555.38
2026-09-10 09:00:00,2555.38,2557.27,2553.35,2556.10
2026-09-10 10:00:00,2556.10,2557.70,2553.62,2555.72
2026-09-10 11:00:00,2555.72,2557.76,2555.22,2556.22
2026-09-10 12:00:00,2556.22,2558.94,2550.80,2552.03
2026-09-10 13:00:00,2552.03,2553.87,2549.11,2550.73
2026-09-10 14:00:00,2550.73,2553.16,2548.47,2549.78
2026-09-10 15:00:00,2549.78,2550.79,2543.54,2549.42
2026-09-10 16:00:00,2549.42,2551.82,2547.44,2550.77
2026-09-10 17:00:00,2550.77,2551.83,2547.17,2549.68
2026-09-10 18:00:00,2549.68,2551.14,2546.29,2551.06
2026-09-10 19:00:00,2551.06,2551.39,2547.62,2549.84
2026-09-10 20:00:00,2549.84,2553.16,2549.52,2552.59
2026-09-10 21:00:00,2552.59,2552.75,2550.97,2552.31
2026-09-10 22:00:00,2552.31,2552.66,2550.92,2552.37
2026-09-10 23:00:00,2552.37,2553.81,2551.06,2552.91
2026-09-11 00:00:00,2552.91,2553.92,2552.11,2553.25
2026-09-11 01:00:00,2553.25,2554.09,2551.95,2552.58
2026-09-11 02:00:00,2552.58,2553.30,2551.56,2552.18
2026-09-11 03:00:00,2552.18,2553.09,2551.11,2551.41
2026-09-11 04:00:00,2551.41,2551.83,2548.69,2548.86
2026-09-11 05:00:00,2548.86,2549.41,2547.49,2547.90
2026-09-11 06:00:00,2547.90,2550.33,2547.61,2550.18
2026-09-11 07:00:00,2550.18,2552.67,2546.30,2546.41
2026-09-11 08:00:00,2546.41,2550.94,2545.51,2550.20
2026-09-11 09:00:00,2550.20,2554.58,2549.87,2554.46
2026-09-11 10:00:00,2554.46,2555.29,2552.20,2553.25
2026-09-11 11:00:00,2553.25,2556.55,2551.29,2551.71
2026-09-11 12:00:00,2551.71,2554.25,2551.17,2552.79
2026-09-11 13:00:00,2552.79,2553.64,2549.71,2550.49
2026-09-11 14:00:00,2550.49,2552.93,2545.62,2546.07
2026-09-11 15:00:00,2546.07,2549.24,2542.42,2548.38
2026-09-11 16:00:00,2548.38,2551.20,2547.80,2549.32
2026-09-11 17:00:00,2549.32,2549.78,2545.64,2546.72
2026-09-11 18:00:00,2546.72,2550.94,2544.97,2548.34
2026-09-11 19:00:00,2548.34,2551.22,2548.02,2550.06
2026-09-11 20:00:00,2550.06,2551.41,2548.66,2550.88
2026-09-11 21:00:00,2550.88,2551.04,2549.99,2550.54
2026-09-11 22:00:00,2550.54,2550.96,2547.52,2548.24
2026-09-11 23:00:00,2548.24,2548.37,2546.08,2546.28
2026-09-14 00:00:00,2546.28,2546.74,2543.02,2543.28
2026-09-14 01:00:00,2543.28,2543.76,2542.24,2542.92
2026-09-14 02:00:00,2542.92,2544.62,2542.37,2542.53
2026-09-14 03:00:00,2542.53,2542.87,2540.24,2541.13
2026-09-14 04:00:00,2541.13,2542.73,2539.61,2541.13
2026-09-14 05:00:00,2541.13,2542.17,2538.97,2539.49
2026-09-14 06:00:00,2539.49,2540.58,2539.27,2539.56
2026-09-14 07:00:00,2539.56,2541.38,2531.11,2532.02
2026-09-14 08:00:00,2532.02,2533.68,2530.07,2532.99
2026-09-14 09:00:00,2532.99,2533.60,2529.31,2529.94
2026-09-14 10:00:00,2529.94,2531.36,2527.40,2528.37
2026-09-14 11:00:00,2528.37,2532.60,2526.25,2531.22
2026-09-14 12:00:00,2531.22,2534.54,2530.94,2531.95
2026-09-14 13:00:00,2531.95,2533.27,2528.81,2530.21
2026-09-14 14:00:00,2530.21,2531.90,2529.43,2529.66
2026-09-14 15:00:00,2529.66,2534.64,2528.40,2533.28
2026-09-14 16:00:00,2533.28,2535.61,2531.88,2535.41
2026-09-14 17:00:00,2535.41,2536.60,2532.90,2535.68
2026-09-14 18:00:00,2535.68,2536.50,2530.88,2531.06
2026-09-14 19:00:00,2531.06,2538.36,2530.12,2537.96
2026-09-14 20:00:00,2537.96,2542.57,2537.44,2541.83
2026-09-14 21:00:00,2541.83,2542.95,2541.43,2542.12
2026-09-14 22:00:00,2542.12,2542.46,2540.85,2540.95
2026-09-14 23:00:00,2540.95,2542.42,2540.66,2541.90
2026-09-15 00:00:00,2541.90,2544.76,2541.33,2543.57
2026-09-15 01:00:00,2543.57,2544.39,2542.63,2543.66
2026-09-15 02:00:00,2543.66,2545.28,2543.24,2544.17
2026-09-15 03:00:00,2544.17,2544.90,2542.08,2542.27
2026-09-15 04:00:00,2542.27,2542.95,2541.38,2542.58
2026-09-15 05:00:00,2542.58,2542.87,2541.68,2541.76
2026-09-15 06:00:00,2541.76,2542.96,2540.45,2541.64
2026-09-15 07:00:00,2541.64,2543.75,2539.06,2541.16
2026-09-15 08:00:00,2541.16,2541.77,2535.19,2535.70
2026-09-15 09:00:00,2535.70,2539.39,2533.46,2538.81
2026-09-15 10:00:00,2538.81,2540.62,2533.81,2538.44
2026-09-15 11:00:00,2538.44,2541.98,2537.70,2541.55
2026-09-15 12:00:00,2541.55,2542.92,2537.54,2541.41
2026-09-15 13:00:00,2541.41,2544.99,2541.20,2544.42
2026-09-15 14:00:00,2544.42,2548.27,2543.30,2543.56
2026-09-15 15:00:00,2543.56,2546.60,2542.34,2545.01
2026-09-15 16:00:00,2545.01,2548.55,2544.76,2547.45
2026-09-15 17:00:00,2547.45,2551.01,2547.32,2549.45
2026-09-15 18:00:00,2549.45,2551.96,2548.00,2548.68
2026-09-15 19:00:00,2548.68,2549.89,2547.08,2549.13
2026-09-15 20:00:00,2549.13,2549.89,2544.34,2544.74
2026-09-15 21:00:00,2544.74,2546.93,2544.20,2546.56
2026-09-15 22:00:00,2546.56,2546.90,2545.35,2546.36
2026-09-15 23:00:00,2546.36,2549.21,2545.88,2548.54
2026-09-16 00:00:00,2548.54,2549.05,2546.61,2547.17
2026-09-16 01:00:00,2547.17,2547.61,2543.92,2545.81
2026-09-16 02:00:00,2545.81,2547.54,2545.53,2545.82
2026-09-16 03:00:00,2545.82,2548.20,2545.11,2547.10
2026-09-16 04:00:00,2547.10,2548.12,2546.38,2547.00
2026-09-16 05:00:00,2547.00,2547.92,2546.12,2547.47
2026-09-16 06:00:00,2547.47,2548.86,2546.29,2548.47
2026-09-16 07:00:00,2548.47,2552.84,2548.35,2550.82
2026-09-16 08:00:00,2550.82,2552.79,2544.25,2545.53
2026-09-16 09:00:00,2545.53,2547.31,2542.04,2545.04
2026-09-16 10:00:00,2545.04,2545.78,2539.54,2541.25
2026-09-16 11:00:00,2541.25,2544.08,2537.91,2543.97
2026-09-16 12:00:00,2543.97,2544.23,2539.48,2540.07
2026-09-16 13:00:00,2540.07,2541.44,2538.60,2538.71
2026-09-16 14:00:00,2538.71,2539.87,2537.00,2538.50
2026-09-16 15:00:00,2538.50,2543.46,2538.14,2543.24
2026-09-16 16:00:00,2543.24,2543.99,2541.45,2541.98
2026-09-16 17:00:00,2541.98,2542.58,2538.40,2539.50
2026-09-16 18:00:00,2539.50,2540.56,2535.76,2535.91
2026-09-16 19:00:00,2535.91,2538.41,2534.56,2537.93
2026-09-16 20:00:00,2537.93,2541.96,2535.87,2541.43
2026-09-16 21:00:00,2541.43,2542.14,2540.20,2540.87
2026-09-16 22:00:00,2540.87,2542.91,2540.04,2541.20
2026-09-16 23:00:00,2541.20,2541.89,2539.45,2540.06
2026-09-17 00:00:00,2540.06,2540.21,2537.93,2538.35
2026-09-17 01:00:00,2538.35,2538.60,2536.20,2536.73
2026-09-17 02:00:00,2536.73,2537.70,2535.70,2537.04
2026-09-17 03:00:00,2537.04,2537.71,2536.56,2537.32
2026-09-17 04:00:00,2537.32,2537.97,2534.08,2535.11
2026-09-17 05:00:00,2535.11,2537.22,2534.17,2537.07
2026-09-17 06:00:00,2537.07,2539.19,2536.40,2537.76
2026-09-17 07:00:00,2537.76,2539.57,2537.02,2538.31
2026-09-17 08:00:00,2538.31,2540.51,2536.97,2537.87
2026-09-17 09:00:00,2537.87,2540.23,2535.70,2537.81
2026-09-17 10:00:00,2537.81,2542.46,2536.64,2542.37
2026-09-17 11:00:00,2542.37,2544.52,2540.05,2541.47
2026-09-17 12:00:00,2541.47,2543.20,2538.72,2539.94
2026-09-17 13:00:00,2539.94,2541.76,2538.16,2540.39
2026-09-17 14:00:00,2540.39,2543.19,2536.47,2537.37
2026-09-17 15:00:00,2537.37,2543.55,2536.58,2542.85
2026-09-17 16:00:00,2542.85,2545.24,2542.27,2543.32
2026-09-17 17:00:00,2543.32,2544.31,2541.73,2543.65
2026-09-17 18:00:00,2543.65,2547.40,2543.25,2545.81
2026-09-17 19:00:00,2545.81,2548.07,2544.24,2545.02
2026-09-17 20:00:00,2545.02,2547.42,2542.26,2546.49
2026-09-17 21:00:00,2546.49,2546.77,2544.98,2545.80
2026-09-17 22:00:00,2545.80,2546.88,2544.63,2545.20
2026-09-17 23:00:00,2545.20,2545.33,2542.74,2543.54
2026-09-18 00:00:00,2543.54,2543.93,2541.56,2542.50
2026-09-18 01:00:00,2542.50,2543.66,2542.21,2543.34
2026-09-18 02:00:00,2543.34,2545.97,2543.25,2545.20
2026-09-18 03:00:00,2545.20,2546.66,2543.27,2543.58
2026-09-18 04:00:00,2543.58,2545.17,2543.25,2545.09
2026-09-18 05:00:00,2545.09,2545.68,2542.62,2542.88
2026-09-18 06:00:00,2542.88,2543.29,2541.64,2541.94
2026-09-18 07:00:00,2541.94,2544.93,2539.21,2541.88
2026-09-18 08:00:00,2541.88,2544.86,2538.44,2542.03
2026-09-18 09:00:00,2542.03,2544.64,2536.88,2537.08
2026-09-18 10:00:00,2537.08,2539.99,2535.39,2537.41
2026-09-18 11:00:00,2537.41,2540.10,2535.42,2535.50
2026-09-18 12:00:00,2535.50,2537.10,2535.31,2536.06
2026-09-18 13:00:00,2536.06,2536.99,2533.51,2534.33
2026-09-18 14:00:00,2534.33,2535.11,2530.00,2531.58
2026-09-18 15:00:00,2531.58,2534.62,2529.45,2532.51
2026-09-18 16:00:00,2532.51,2533.57,2529.64,2532.26
2026-09-18 17:00:00,2532.26,2536.12,2532.07,2535.84
2026-09-18 18:00:00,2535.84,2536.98,2531.28,2531.69
2026-09-18 19:00:00,2531.69,2532.28,2527.92,2528.54
2026-09-18 20:00:00,2528.54,2529.64,2523.73,2525.49
2026-09-18 21:00:00,2525.49,2526.90,2522.48,2522.93
2026-09-18 22:00:00,2522.93,2524.70,2522.66,2523.49
2026-09-18 23:00:00,2523.49,2524.82,2522.59,2522.87
2026-09-21 00:00:00,2522.87,2523.33,2521.12,2521.49
2026-09-21 01:00:00,2521.49,2523.02,2520.27,2522.30
2026-09-21 02:00:00,2522.30,2523.03,2519.79,2520.82
2026-09-21 03:00:00,2520.82,2521.22,2519.57,2519.95
2026-09-21 04:00:00,2519.95,2521.24,2519.61,2520.57
2026-09-21 05:00:00,2520.57,2522.01,2520.04,2521.40
2026-09-21 06:00:00,2521.40,2522.23,2520.84,2521.56
2026-09-21 07:00:00,2521.56,2523.83,2520.24,2522.69
2026-09-21 08:00:00,2522.69,2526.26,2521.54,2524.37
2026-09-21 09:00:00,2524.37,2524.50,2518.73,2519.15
2026-09-21 10:00:00,2519.15,2521.40,2518.47,2519.71
2026-09-21 11:00:00,2519.71,2520.73,2516.17,2516.93
2026-09-21 12:00:00,2516.93,2519.26,2512.03,2513.41
2026-09-21 13:00:00,2513.41,2513.73,2508.06,2508.33
2026-09-21 14:00:00,2508.33,2508.42,2503.90,2504.12
2026-09-21 15:00:00,2504.12,2507.27,2501.03,2507.16
2026-09-21 16:00:00,2507.16,2512.06,2506.24,2511.46
2026-09-21 17:00:00,2511.46,2511.79,2507.77,2509.87
2026-09-21 18:00:00,2509.87,2510.41,2507.34,2508.20
2026-09-21 19:00:00,2508.20,2509.03,2505.71,2505.95
2026-09-21 20:00:00,2505.95,2511.55,2505.58,2510.69
2026-09-21 21:00:00,2510.69,2511.77,2509.87,2511.04
2026-09-21 22:00:00,2511.04,2512.58,2510.83,2511.12
2026-09-21 23:00:00,2511.12,2513.55,2510.31,2511.79
2026-09-22 00:00:00,2511.79,2512.61,2510.39,2511.89
2026-09-22 01:00:00,2511.89,2514.52,2511.53,2513.50
2026-09-22 02:00:00,2513.50,2514.18,2511.96,2512.16
2026-09-22 03:00:00,2512.16,2513.28,2510.67,2511.48
2026-09-22 04:00:00,2511.48,2512.72,2510.69,2512.12
2026-09-22 05:00:00,2512.12,2512.58,2511.39,2512.25
2026-09-22 06:00:00,2512.25,2512.42,2509.51,2509.71
2026-09-22 07:00:00,2509.71,2510.03,2506.34,2506.60
2026-09-22 08:00:00,2506.60,2512.12,2505.35,2511.12
2026-09-22 09:00:00,2511.12,2512.65,2505.60,2507.12
2026-09-22 10:00:00,2507.12,2516.41,2506.91,2515.46
2026-09-22 11:00:00,2515.46,2520.19,2509.53,2510.44
2026-09-22 12:00:00,2510.44,2512.36,2507.83,2511.96
2026-09-22 13:00:00,2511.96,2513.70,2503.41,2504.28
2026-09-22 14:00:00,2504.28,2507.27,2503.81,2504.43
2026-09-22 15:00:00,2504.43,2506.38,2502.90,2504.63
2026-09-22 16:00:00,2504.63,2508.54,2504.06,2507.57
2026-09-22 17:00:00,2507.57,2507.94,2503.97,2505.11
2026-09-22 18:00:00,2505.11,2506.59,2504.68,2505.98
2026-09-22 19:00:00,2505.98,2506.96,2504.44,2506.23
2026-09-22 20:00:00,2506.23,2508.76,2505.27,2508.18
2026-09-22 21:00:00,2508.18,2509.11,2507.17,2508.47
2026-09-22 22:00:00,2508.47,2509.28,2506.96,2508.02
2026-09-22 23:00:00,2508.02,2508.14,2505.79,2506.82
2026-09-23 00:00:00,2506.82,2508.05,2505.99,2506.15
2026-09-23 01:00:00,2506.15,2506.75,2505.07,2505.42
2026-09-23 02:00:00,2505.42,2506.12,2504.36,2505.25
2026-09-23 03:00:00,2505.25,2507.71,2504.65,2506.83
2026-09-23 04:00:00,2506.83,2508.60,2506.25,2507.44
2026-09-23 05:00:00,2507.44,2508.89,2507.33,2508.04
2026-09-23 06:00:00,2508.04,2508.86,2506.94,2508.16
2026-09-23 07:00:00,2508.16,2509.37,2505.20,2506.71
2026-09-23 08:00:00,2506.71,2507.08,2500.54,2501.70
2026-09-23 09:00:00,2501.70,2505.89,2501.23,2504.31
2026-09-23 10:00:00,2504.31,2507.95,2503.30,2504.04
2026-09-23 11:00:00,2504.04,2506.97,2503.55,2504.92
2026-09-23 12:00:00,2504.92,2506.75,2500.95,2506.21
2026-09-23 13:00:00,2506.21,2508.99,2503.50,2504.15
2026-09-23 14:00:00,2504.15,2504.80,2502.14,2504.56
2026-09-23 15:00:00,2504.56,2505.64,2502.86,2503.67
2026-09-23 16:00:00,2503.67,2504.31,2499.73,2502.49
2026-09-23 17:00:00,2502.49,2504.49,2500.86,2503.09
2026-09-23 18:00:00,2503.09,2504.82,2502.46,2503.76
2026-09-23 19:00:00,2503.76,2506.25,2501.38,2504.98
2026-09-23 20:00:00,2504.98,2507.23,2504.07,2506.13
2026-09-23 21:00:00,2506.13,2507.43,2505.15,2505.39
2026-09-23 22:00:00,2505.39,2505.65,2502.82,2504.40
2026-09-23 23:00:00,2504.40,2504.89,2502.92,2504.61
2026-09-24 00:00:00,2504.61,2506.15,2504.20,2505.18
2026-09-24 01:00:00,2505.18,2509.67,2504.83,2508.60
2026-09-24 02:00:00,2508.60,2508.76,2506.06,2506.42
2026-09-24 03:00:00,2506.42,2508.98,2506.20,2508.43
2026-09-24 04:00:00,2508.43,2509.75,2506.27,2506.51
2026-09-24 05:00:00,2506.51,2506.80,2503.26,2503.42
2026-09-24 06:00:00,2503.42,2504.60,2503.23,2504.50
2026-09-24 07:00:00,2504.50,2505.64,2500.26,2500.89
2026-09-24 08:00:00,2500.89,2502.83,2498.76,2499.98
2026-09-24 09:00:00,2499.98,2503.55,2498.81,2500.34
2026-09-24 10:00:00,2500.34,2502.53,2498.80,2500.94
2026-09-24 11:00:00,2500.94,2505.01,2500.16,2503.79
2026-09-24 12:00:00,2503.79,2506.54,2503.64,2504.76
2026-09-24 13:00:00,2504.76,2506.43,2499.79,2501.57
2026-09-24 14:00:00,2501.57,2505.77,2500.28,2502.42
2026-09-24 15:00:00,2502.42,2504.83,2501.58,2504.43
2026-09-24 16:00:00,2504.43,2505.39,2500.46,2503.39
2026-09-24 17:00:00,2503.39,2507.67,2502.03,2507.54
2026-09-24 18:00:00,2507.54,2508.16,2505.30,2505.70
2026-09-24 19:00:00,2505.70,2506.92,2504.11,2506.15
2026-09-24 20:00:00,2506.15,2507.57,2503.20,2506.54
2026-09-24 21:00:00,2506.54,2507.19,2505.43,2506.09
2026-09-24 22:00:00,2506.09,2506.47,2504.41,2505.12
2026-09-24 23:00:00,2505.12,2505.81,2503.71,2504.13
2026-09-25 00:00:00,2504.13,2506.39,2503.00,2505.63
2026-09-25 01:00:00,2505.63,2505.80,2503.33,2504.18
2026-09-25 02:00:00,2504.18,2506.08,2503.13,2505.56
2026-09-25 03:00:00,2505.56,2506.17,2504.50,2504.94
2026-09-25 04:00:00,2504.94,2506.58,2504.78,2505.44
2026-09-25 05:00:00,2505.44,2505.84,2502.58,2503.71
2026-09-25 06:00:00,2503.71,2504.80,2503.37,2504.29
2026-09-25 07:00:00,2504.29,2506.59,2502.13,2503.56
2026-09-25 08:00:00,2503.56,2506.36,2501.98,2505.00
2026-09-25 09:00:00,2505.00,2509.72,2504.04,2508.23
2026-09-25 10:00:00,2508.23,2513.89,2506.71,2511.73
2026-09-25 11:00:00,2511.73,2512.29,2506.05,2506.63
2026-09-25 12:00:00,2506.63,2512.10,2505.56,2510.25
2026-09-25 13:00:00,2510.25,2511.36,2504.05,2504.53
2026-09-25 14:00:00,2504.53,2506.58,2500.77,2505.45
2026-09-25 15:00:00,2505.45,2506.86,2502.64,2505.53
2026-09-25 16:00:00,2505.53,2509.18,2505.21,2508.85
2026-09-25 17:00:00,2508.85,2513.13,2508.40,2512.67
2026-09-25 18:00:00,2512.67,2515.13,2512.10,2514.11
2026-09-25 19:00:00,2514.11,2515.22,2510.34,2510.67
2026-09-25 20:00:00,2510.67,2513.38,2508.01,2511.39
2026-09-25 21:00:00,2511.39,2512.83,2511.12,2512.67
2026-09-25 22:00:00,2512.67,2513.39,2511.31,2512.02
2026-09-25 23:00:00,2512.02,2512.78,2511.09,2512.18
2026-09-28 00:00:00,2512.18,2513.18,2511.81,2512.29
2026-09-28 01:00:00,2512.29,2514.63,2511.91,2514.14
2026-09-28 02:00:00,2514.14,2515.74,2513.49,2514.70
2026-09-28 03:00:00,2514.70,2516.55,2514.26,2516.42
2026-09-28 04:00:00,2516.42,2517.78,2515.88,2516.35
2026-09-28 05:00:00,2516.35,2518.26,2516.24,2517.41
2026-09-28 06:00:00,2517.41,2517.77,2515.88,2516.85
2026-09-28 07:00:00,2516.85,2517.49,2512.69,2515.56
2026-09-28 08:00:00,2515.56,2516.88,2512.97,2513.64
2026-09-28 09:00:00,2513.64,2514.78,2511.49,2513.24
2026-09-28 10:00:00,2513.24,2516.52,2511.51,2514.94
2026-09-28 11:00:00,2514.94,2516.17,2510.07,2511.36
2026-09-28 12:00:00,2511.36,2513.91,2510.29,2512.19
2026-09-28 13:00:00,2512.19,2512.98,2508.69,2510.62
2026-09-28 14:00:00,2510.62,2511.59,2508.43,2509.69
2026-09-28 15:00:00,2509.69,2510.94,2505.28,2510.12
2026-09-28 16:00:00,2510.12,2511.30,2508.30,2511.18
2026-09-28 17:00:00,2511.18,2512.34,2509.33,2509.90
2026-09-28 18:00:00,2509.90,2510.60,2505.20,2505.65
2026-09-28 19:00:00,2505.65,2506.37,2503.27,2503.89
2026-09-28 20:00:00,2503.89,2506.47,2502.90,2503.72
2026-09-28 21:00:00,2503.72,2505.37,2503.47,2505.27
2026-09-28 22:00:00,2505.27,2507.68,2505.02,2507.32
2026-09-28 23:00:00,2507.32,2509.20,2507.07,2508.92
2026-09-29 00:00:00,2508.92,2509.65,2506.07,2506.46
2026-09-29 01:00:00,2506.46,2508.22,2506.34,2508.14
2026-09-29 02:00:00,2508.14,2508.66,2507.13,2507.74
2026-09-29 03:00:00,2507.74,2508.89,2507.00,2508.50
2026-09-29 04:00:00,2508.50,2510.41,2508.26,2510.03
2026-09-29 05:00:00,2510.03,2510.32,2508.67,2508.83
2026-09-29 06:00:00,2508.83,2509.38,2507.04,2507.12
2026-09-29 07:00:00,2507.12,2508.54,2502.90,2505.19
2026-09-29 08:00:00,2505.19,2511.52,2504.56,2509.27
2026-09-29 09:00:00,2509.27,2513.36,2507.49,2510.24
2026-09-29 10:00:00,2510.24,2512.13,2505.40,2508.70
2026-09-29 11:00:00,2508.70,2517.97,2508.36,2516.92
2026-09-29 12:00:00,2516.92,2519.71,2514.58,2515.01
2026-09-29 13:00:00,2515.01,2516.43,2512.64,2515.39
2026-09-29 14:00:00,2515.39,2516.38,2507.64,2508.96
2026-09-29 15:00:00,2508.96,2509.73,2504.05,2505.34
2026-09-29 16:00:00,2505.34,2509.14,2504.53,2507.65
2026-09-29 17:00:00,2507.65,2508.31,2505.51,2507.96
2026-09-29 18:00:00,2507.96,2514.19,2507.54,2512.27
2026-09-29 19:00:00,2512.27,2515.52,2511.12,2513.76
2026-09-29 20:00:00,2513.76,2515.17,2511.63,2512.63
2026-09-29 21:00:00,2512.63,2515.03,2512.25,2513.87
2026-09-29 22:00:00,2513.87,2514.26,2512.42,2513.39
2026-09-29 23:00:00,2513.39,2514.78,2511.90,2513.04
2026-09-30 00:00:00,2513.04,2514.70,2512.60,2514.31
2026-09-30 01:00:00,2514.31,2516.60,2514.23,2516.16
2026-09-30 02:00:00,2516.16,2516.50,2514.07,2514.47
2026-09-30 03:00:00,2514.47,2516.90,2514.14,2516.59
2026-09-30 04:00:00,2516.59,2517.59,2514.38,2514.56
2026-09-30 05:00:00,2514.56,2515.20,2512.62,2513.21
2026-09-30 06:00:00,2513.21,2513.98,2511.73,2512.58
2026-09-30 07:00:00,2512.58,2515.84,2511.46,2513.95
2026-09-30 08:00:00,2513.95,2514.68,2509.58,2510.42
2026-09-30 09:00:00,2510.42,2510.97,2506.68,2509.73
2026-09-30 10:00:00,2509.73,2515.29,2508.12,2515.05
2026-09-30 11:00:00,2515.05,2515.37,2507.43,2507.75
2026-09-30 12:00:00,2507.75,2510.08,2502.96,2503.23
2026-09-30 13:00:00,2503.23,2504.78,2502.58,2503.34
2026-09-30 14:00:00,2503.34,2504.20,2497.46,2499.43
2026-09-30 15:00:00,2499.43,2502.00,2498.34,2500.95
2026-09-30 16:00:00,2500.95,2501.60,2495.49,2497.01
2026-09-30 17:00:00,2497.01,2497.58,2494.77,2495.98
2026-09-30 18:00:00,2495.98,2502.86,2494.82,2502.37
2026-09-30 19:00:00,2502.37,2506.38,2502.07,2506.19
2026-09-30 20:00:00,2506.19,2507.04,2502.81,2503.42
2026-09-30 21:00:00,2503.42,2504.26,2502.00,2502.68
2026-09-30 22:00:00,2502.68,2504.49,2502.22,2504.29
2026-09-30 23:00:00,2504.29,2507.86,2504.15,2507.21
